feature_set,question_id,chunk_id,label,positive_prob,trigger_score
combined,4,0,1,0.9993042945861816,0.0006957054138183594
combined,4,1,1,0.9965715408325195,0.0034284591674804688
combined,4,2,1,0.9890052676200867,0.01099473237991333
combined,4,3,1,0.9996229410171509,0.0003770589828491211
combined,4,4,1,0.9698524475097656,0.030147552490234375
combined,4,5,1,0.9946797490119934,0.005320250988006592
combined,4,6,1,0.9993271827697754,0.0006728172302246094
combined,4,7,1,0.9850903749465942,0.014909625053405762
combined,4,8,1,0.9855661392211914,0.014433860778808594
combined,4,9,1,0.994448184967041,0.005551815032958984
combined,4,10,1,0.9961062073707581,0.0038937926292419434
combined,4,11,1,0.9446725249290466,0.05532747507095337
combined,4,12,1,0.9983600974082947,0.0016399025917053223
combined,4,13,1,0.9986804127693176,0.001319587230682373
combined,4,14,1,0.9638826251029968,0.036117374897003174
combined,4,15,1,0.995933473110199,0.004066526889801025
combined,4,16,1,0.9988341927528381,0.0011658072471618652
combined,4,17,1,0.9961712956428528,0.003828704357147217
combined,6,0,1,0.997794508934021,0.002205491065979004
combined,6,1,1,0.9997169375419617,0.0002830624580383301
combined,6,2,1,0.9980565905570984,0.0019434094429016113
combined,6,3,1,0.9969204664230347,0.003079533576965332
combined,6,4,1,0.9993709921836853,0.0006290078163146973
combined,6,5,1,0.9979255199432373,0.0020744800567626953
combined,6,6,1,0.9688451290130615,0.031154870986938477
combined,6,7,1,0.9958187937736511,0.004181206226348877
combined,6,8,1,0.988365650177002,0.011634349822998047
combined,6,9,1,0.9970263838768005,0.002973616123199463
combined,6,10,1,0.8655326962471008,0.13446730375289917
combined,6,11,1,0.9625725746154785,0.037427425384521484
combined,6,12,1,0.998863697052002,0.0011363029479980469
combined,6,13,1,0.9994527697563171,0.0005472302436828613
combined,6,14,1,0.9929512143135071,0.00704878568649292
combined,6,15,1,0.9967492818832397,0.003250718116760254
combined,6,16,1,0.9865374565124512,0.013462543487548828
combined,13,0,1,0.9990336894989014,0.0009663105010986328
combined,13,1,1,0.9998335838317871,0.00016641616821289062
combined,13,2,1,0.9987202882766724,0.0012797117233276367
combined,13,3,1,0.9854205250740051,0.014579474925994873
combined,13,4,1,0.9775346517562866,0.02246534824371338
combined,13,5,1,0.9985156655311584,0.0014843344688415527
combined,13,6,1,0.9946616291999817,0.0053383708000183105
combined,13,7,0,0.7135207056999207,0.28647929430007935
combined,13,8,0,0.9636995196342468,0.036300480365753174
combined,13,9,0,0.9961861968040466,0.003813803195953369
combined,13,10,0,0.9870949387550354,0.0129050612449646
combined,13,11,0,0.9907069206237793,0.009293079376220703
combined,13,12,0,0.9995429515838623,0.0004570484161376953
combined,13,13,0,0.9941965341567993,0.005803465843200684
combined,13,14,1,0.9536307454109192,0.04636925458908081
combined,13,15,0,0.9623086452484131,0.037691354751586914
combined,13,16,0,0.992293119430542,0.007706880569458008
combined,13,17,0,0.5659652352333069,0.4340347647666931
combined,13,18,1,0.9864922165870667,0.01350778341293335
combined,20,0,1,0.9989122152328491,0.001087784767150879
combined,20,1,1,0.9996141195297241,0.0003858804702758789
combined,20,2,1,0.9960825443267822,0.0039174556732177734
combined,20,3,1,0.9901200532913208,0.0098799467086792
combined,20,4,1,0.9913268685340881,0.008673131465911865
combined,20,5,1,0.9958027005195618,0.004197299480438232
combined,20,6,1,0.9988436698913574,0.0011563301086425781
combined,20,7,1,0.9967108964920044,0.0032891035079956055
combined,20,8,1,0.9991182684898376,0.0008817315101623535
combined,20,9,1,0.9885208606719971,0.01147913932800293
combined,20,10,1,0.9936485886573792,0.00635141134262085
combined,20,11,1,0.9940142035484314,0.0059857964515686035
combined,20,12,1,0.9990383386611938,0.0009616613388061523
combined,20,13,1,0.9997525811195374,0.0002474188804626465
combined,20,14,1,0.9987121820449829,0.0012878179550170898
combined,20,15,1,0.9994975328445435,0.000502467155456543
combined,20,16,1,0.9990770816802979,0.0009229183197021484
combined,20,17,1,0.9973579049110413,0.0026420950889587402
combined,20,18,1,0.99598228931427,0.0040177106857299805
combined,20,19,1,0.9981508851051331,0.0018491148948669434
combined,20,20,1,0.9964685440063477,0.0035314559936523438
combined,25,0,1,0.9977607727050781,0.002239227294921875
combined,25,1,1,0.9991324543952942,0.0008675456047058105
combined,25,2,1,0.9949306845664978,0.005069315433502197
combined,25,3,0,0.23068654537200928,0.7693134546279907
combined,25,4,1,0.9851227402687073,0.014877259731292725
combined,25,5,1,0.9975293278694153,0.002470672130584717
combined,25,6,1,0.8538406491279602,0.1461593508720398
combined,25,7,1,0.9960011839866638,0.003998816013336182
combined,25,8,1,0.9993191957473755,0.0006808042526245117
combined,25,9,1,0.9833937287330627,0.016606271266937256
combined,25,10,1,0.9983596205711365,0.0016403794288635254
combined,25,11,1,0.9864559173583984,0.013544082641601562
combined,25,12,1,0.9874173402786255,0.012582659721374512
combined,26,0,1,0.9963261485099792,0.003673851490020752
combined,26,1,1,0.9997144341468811,0.0002855658531188965
combined,26,2,1,0.9988603591918945,0.0011396408081054688
combined,26,3,1,0.9859873652458191,0.014012634754180908
combined,26,4,1,0.9941129088401794,0.005887091159820557
combined,26,5,1,0.9901342988014221,0.00986570119857788
combined,26,6,1,0.9921913743019104,0.0078086256980896
combined,26,7,1,0.9921620488166809,0.007837951183319092
combined,26,8,1,0.7246425151824951,0.2753574848175049
combined,26,9,1,0.7118604779243469,0.2881395220756531
combined,26,10,1,0.9902861714363098,0.009713828563690186
combined,26,11,1,0.9923983216285706,0.007601678371429443
combined,26,12,1,0.9969205856323242,0.0030794143676757812
combined,26,13,1,0.9869411587715149,0.013058841228485107
combined,26,14,1,0.7682756185531616,0.23172438144683838
combined,26,15,1,0.990968644618988,0.009031355381011963
combined,26,16,1,0.9688360691070557,0.031163930892944336
combined,26,17,1,0.9807704091072083,0.019229590892791748
combined,26,18,1,0.9947085380554199,0.005291461944580078
combined,26,19,1,0.9970901012420654,0.0029098987579345703
combined,26,20,1,0.9976009726524353,0.0023990273475646973
combined,26,21,1,0.9851378202438354,0.01486217975616455
combined,26,22,1,0.9888618588447571,0.01113814115524292
combined,27,0,1,0.9987926483154297,0.0012073516845703125
combined,27,1,1,0.9975392818450928,0.0024607181549072266
combined,27,2,1,0.9669070243835449,0.03309297561645508
combined,27,3,1,0.9904452562332153,0.009554743766784668
combined,27,4,1,0.9867520332336426,0.013247966766357422
combined,27,5,1,0.9913583993911743,0.008641600608825684
combined,27,6,1,0.8944931030273438,0.10550689697265625
combined,27,7,1,0.99687659740448,0.0031234025955200195
combined,27,8,1,0.9820480346679688,0.01795196533203125
combined,27,9,1,0.9099245667457581,0.09007543325424194
combined,27,10,1,0.9930918216705322,0.0069081783294677734
combined,27,11,1,0.995804488658905,0.004195511341094971
combined,27,12,1,0.995488703250885,0.00451129674911499
combined,27,13,1,0.9937059283256531,0.006294071674346924
combined,27,14,1,0.9437042474746704,0.05629575252532959
combined,27,15,1,0.9723569750785828,0.027643024921417236
combined,27,16,1,0.9781246185302734,0.021875381469726562
combined,27,17,1,0.9813770651817322,0.018622934818267822
combined,27,18,1,0.9979197382926941,0.002080261707305908
combined,27,19,1,0.975131094455719,0.024868905544281006
combined,27,20,1,0.9189687967300415,0.0810312032699585
combined,27,21,1,0.9870688915252686,0.012931108474731445
combined,27,22,1,0.995559573173523,0.004440426826477051
combined,30,0,1,0.995572566986084,0.004427433013916016
combined,30,1,1,0.9996235370635986,0.0003764629364013672
combined,30,2,1,0.9935317635536194,0.006468236446380615
combined,30,3,1,0.990269660949707,0.009730339050292969
combined,30,4,1,0.9977565407752991,0.0022434592247009277
combined,30,5,1,0.9909635782241821,0.009036421775817871
combined,30,6,1,0.912521243095398,0.08747875690460205
combined,30,7,1,0.9784360527992249,0.021563947200775146
combined,30,8,1,0.9771227836608887,0.022877216339111328
combined,30,9,1,0.9914326667785645,0.008567333221435547
combined,30,10,1,0.867979884147644,0.13202011585235596
combined,30,11,1,0.9817737936973572,0.018226206302642822
combined,30,12,1,0.9867143034934998,0.013285696506500244
combined,30,13,1,0.9816008806228638,0.01839911937713623
combined,30,14,1,0.9480528831481934,0.05194711685180664
combined,30,15,1,0.9836552739143372,0.016344726085662842
combined,30,16,1,0.9243224263191223,0.07567757368087769
combined,30,17,1,0.9900709986686707,0.009929001331329346
combined,30,18,1,0.9029960036277771,0.0970039963722229
combined,33,0,1,0.913550615310669,0.08644938468933105
combined,33,1,1,0.9913040399551392,0.00869596004486084
combined,33,2,1,0.9993444085121155,0.0006555914878845215
combined,33,3,1,0.9927425384521484,0.0072574615478515625
combined,33,4,1,0.9881366491317749,0.011863350868225098
combined,33,5,1,0.9930214285850525,0.00697857141494751
combined,33,6,1,0.9727773070335388,0.02722269296646118
combined,33,7,1,0.994731068611145,0.0052689313888549805
combined,33,8,1,0.9571844935417175,0.04281550645828247
combined,33,9,1,0.9795864224433899,0.020413577556610107
combined,33,10,1,0.9969612956047058,0.0030387043952941895
combined,33,11,1,0.9640174508094788,0.03598254919052124
combined,33,12,1,0.9914631247520447,0.008536875247955322
combined,33,13,1,0.9979386925697327,0.002061307430267334
combined,33,14,1,0.8733643889427185,0.1266356110572815
combined,33,15,1,0.7239822745323181,0.2760177254676819
combined,33,16,1,0.9898316264152527,0.010168373584747314
combined,33,17,1,0.9900319576263428,0.009968042373657227
combined,33,18,1,0.9390016794204712,0.06099832057952881
combined,33,19,1,0.9762119650840759,0.023788034915924072
combined,34,0,1,0.9971964359283447,0.0028035640716552734
combined,34,1,1,0.9997884631156921,0.00021153688430786133
combined,34,2,1,0.9985359907150269,0.0014640092849731445
combined,34,3,1,0.9982730150222778,0.001726984977722168
combined,34,4,1,0.9995558857917786,0.00044411420822143555
combined,34,5,1,0.9938989877700806,0.006101012229919434
combined,34,6,1,0.9970703125,0.0029296875
combined,34,7,1,0.9987108707427979,0.0012891292572021484
combined,34,8,1,0.9429404139518738,0.05705958604812622
combined,34,9,1,0.9984523057937622,0.001547694206237793
combined,34,10,1,0.9994729161262512,0.0005270838737487793
combined,34,11,1,0.9755030274391174,0.02449697256088257
combined,34,12,1,0.9983592629432678,0.0016407370567321777
combined,34,13,1,0.9933609962463379,0.006639003753662109
combined,38,0,1,0.9974067807197571,0.00259321928024292
combined,38,1,1,0.9998127818107605,0.00018721818923950195
combined,38,2,1,0.9987712502479553,0.0012287497520446777
combined,38,3,1,0.9861093163490295,0.013890683650970459
combined,38,4,1,0.9729658365249634,0.02703416347503662
combined,38,5,1,0.9014272689819336,0.0985727310180664
combined,38,6,1,0.9967870712280273,0.0032129287719726562
combined,38,7,1,0.9455615878105164,0.05443841218948364
combined,38,8,1,0.9850947856903076,0.014905214309692383
combined,38,9,1,0.9511551260948181,0.048844873905181885
combined,38,10,0,0.9465981721878052,0.053401827812194824
combined,38,11,0,0.9949648380279541,0.0050351619720458984
combined,38,12,0,0.9334134459495544,0.06658655405044556
combined,38,13,0,0.990994393825531,0.009005606174468994
combined,38,14,0,0.691691517829895,0.308308482170105
combined,38,15,0,0.948944091796875,0.051055908203125
combined,38,16,0,0.9770772457122803,0.022922754287719727
combined,39,0,1,0.9977028965950012,0.0022971034049987793
combined,39,1,1,0.9996253252029419,0.00037467479705810547
combined,39,2,1,0.9985818862915039,0.0014181137084960938
combined,39,3,1,0.9665984511375427,0.033401548862457275
combined,39,4,1,0.9930582046508789,0.006941795349121094
combined,39,5,1,0.9689908623695374,0.031009137630462646
combined,39,6,1,0.9786235094070435,0.021376490592956543
combined,39,7,1,0.9893534183502197,0.010646581649780273
combined,39,8,1,0.9698402285575867,0.03015977144241333
combined,39,9,1,0.9902663826942444,0.009733617305755615
combined,39,10,1,0.8786321878433228,0.12136781215667725
combined,39,11,1,0.9653235077857971,0.03467649221420288
combined,39,12,1,0.9894653558731079,0.01053464412689209
combined,39,13,1,0.9897112846374512,0.010288715362548828
combined,39,14,1,0.9928348064422607,0.007165193557739258
combined,39,15,1,0.9948474168777466,0.005152583122253418
combined,39,16,1,0.9940872192382812,0.00591278076171875
combined,39,17,1,0.9728135466575623,0.027186453342437744
combined,41,0,1,0.9984943866729736,0.0015056133270263672
combined,41,1,1,0.9997238516807556,0.00027614831924438477
combined,41,2,1,0.9984514713287354,0.0015485286712646484
combined,41,3,1,0.9868107438087463,0.013189256191253662
combined,41,4,1,0.9989225268363953,0.0010774731636047363
combined,41,5,1,0.9967519044876099,0.0032480955123901367
combined,41,6,1,0.9959486126899719,0.004051387310028076
combined,41,7,1,0.9995903372764587,0.00040966272354125977
combined,41,8,1,0.9979238510131836,0.0020761489868164062
combined,41,9,1,0.984437108039856,0.015562891960144043
combined,41,10,1,0.9969409108161926,0.003059089183807373
combined,41,11,1,0.9975722432136536,0.0024277567863464355
combined,41,12,1,0.9989733695983887,0.0010266304016113281
combined,41,13,1,0.9956830739974976,0.004316926002502441
combined,53,0,1,0.9990060925483704,0.0009939074516296387
combined,53,1,1,0.9997994303703308,0.00020056962966918945
combined,53,2,1,0.998813271522522,0.0011867284774780273
combined,53,3,1,0.9848431348800659,0.015156865119934082
combined,53,4,1,0.9973268508911133,0.0026731491088867188
combined,53,5,1,0.9386785626411438,0.0613214373588562
combined,53,6,1,0.9895923137664795,0.010407686233520508
combined,53,7,1,0.9907907247543335,0.009209275245666504
combined,53,8,1,0.9223673343658447,0.07763266563415527
combined,53,9,1,0.9765274524688721,0.02347254753112793
combined,53,10,1,0.9620817303657532,0.037918269634246826
combined,53,11,1,0.9979829788208008,0.0020170211791992188
combined,53,12,1,0.9957075119018555,0.004292488098144531
combined,53,13,0,0.2975415885448456,0.7024584114551544
combined,53,14,1,0.9975047707557678,0.0024952292442321777
combined,53,15,1,0.9903576970100403,0.009642302989959717
combined,63,0,1,0.9969050288200378,0.003094971179962158
combined,63,1,1,0.9997122883796692,0.00028771162033081055
combined,63,2,1,0.9972935318946838,0.002706468105316162
combined,63,3,1,0.9641010761260986,0.03589892387390137
combined,63,4,1,0.9978325963020325,0.0021674036979675293
combined,63,5,1,0.9789746999740601,0.02102530002593994
combined,63,6,1,0.9906864762306213,0.009313523769378662
combined,63,7,1,0.9878679513931274,0.012132048606872559
combined,63,8,1,0.9988083839416504,0.0011916160583496094
combined,63,9,1,0.9884323477745056,0.011567652225494385
combined,63,10,1,0.995799720287323,0.004200279712677002
combined,63,11,1,0.9849696159362793,0.015030384063720703
combined,63,12,0,0.9346484541893005,0.06535154581069946
combined,63,13,1,0.9815992712974548,0.018400728702545166
combined,63,14,0,0.9893668293952942,0.01063317060470581
combined,63,15,0,0.9855418801307678,0.014458119869232178
combined,63,16,1,0.9840625524520874,0.015937447547912598
combined,63,17,1,0.9766546487808228,0.023345351219177246
combined,64,0,1,0.9964600205421448,0.0035399794578552246
combined,64,1,1,0.994814932346344,0.005185067653656006
combined,64,2,1,0.9998377561569214,0.00016224384307861328
combined,64,3,1,0.9976207613945007,0.0023792386054992676
combined,64,4,1,0.9022459983825684,0.09775400161743164
combined,64,5,1,0.9821855425834656,0.017814457416534424
combined,64,6,1,0.9595807790756226,0.04041922092437744
combined,64,7,1,0.9788073301315308,0.02119266986846924
combined,64,8,1,0.9929109215736389,0.007089078426361084
combined,64,9,1,0.9672712683677673,0.032728731632232666
combined,64,10,1,0.9862892627716064,0.013710737228393555
combined,64,11,1,0.9525800943374634,0.04741990566253662
combined,64,12,1,0.645245373249054,0.35475462675094604
combined,64,13,1,0.9479186534881592,0.05208134651184082
combined,64,14,1,0.9914503693580627,0.008549630641937256
combined,64,15,1,0.4107396900653839,0.5892603099346161
combined,64,16,1,0.9905040860176086,0.009495913982391357
combined,64,17,1,0.3241389989852905,0.6758610010147095
combined,64,18,1,0.9931997656822205,0.006800234317779541
combined,64,19,1,0.9562255144119263,0.04377448558807373
combined,64,20,1,0.9743226170539856,0.025677382946014404
combined,64,21,1,0.9939640164375305,0.006035983562469482
combined,64,22,1,0.9991827607154846,0.0008172392845153809
combined,69,0,1,0.9977793097496033,0.0022206902503967285
combined,69,1,1,0.999334990978241,0.0006650090217590332
combined,69,2,1,0.9954870343208313,0.004512965679168701
combined,69,3,1,0.9763247966766357,0.023675203323364258
combined,69,4,1,0.9926987290382385,0.007301270961761475
combined,69,5,1,0.9975681900978088,0.002431809902191162
combined,69,6,1,0.981669545173645,0.01833045482635498
combined,69,7,1,0.9982641339302063,0.0017358660697937012
combined,69,8,1,0.9988248944282532,0.0011751055717468262
combined,69,9,1,0.995740532875061,0.004259467124938965
combined,69,10,1,0.9972180128097534,0.002781987190246582
combined,69,11,1,0.9980556964874268,0.0019443035125732422
combined,70,0,1,0.9987543821334839,0.0012456178665161133
combined,70,1,1,0.999822199344635,0.00017780065536499023
combined,70,2,1,0.9989804625511169,0.0010195374488830566
combined,70,3,1,0.9659098386764526,0.03409016132354736
combined,70,4,1,0.9955125451087952,0.004487454891204834
combined,70,5,1,0.9990035891532898,0.000996410846710205
combined,70,6,1,0.9994204044342041,0.0005795955657958984
combined,70,7,1,0.9986373782157898,0.001362621784210205
combined,70,8,1,0.9968063831329346,0.0031936168670654297
combined,70,9,1,0.9917824268341064,0.008217573165893555
combined,70,10,1,0.997917115688324,0.0020828843116760254
combined,70,11,1,0.9989781379699707,0.0010218620300292969
combined,70,12,1,0.998530387878418,0.0014696121215820312
combined,70,13,1,0.9974687099456787,0.002531290054321289
combined,72,0,1,0.9984832406044006,0.0015167593955993652
combined,72,1,1,0.9994589686393738,0.0005410313606262207
combined,72,2,1,0.9993733763694763,0.0006266236305236816
combined,72,3,1,0.9819084405899048,0.018091559410095215
combined,72,4,1,0.9690619111061096,0.03093808889389038
combined,72,5,1,0.9953227639198303,0.004677236080169678
combined,72,6,1,0.9969587326049805,0.0030412673950195312
combined,72,7,1,0.9937037825584412,0.006296217441558838
combined,72,8,1,0.990028440952301,0.009971559047698975
combined,72,9,1,0.9961620569229126,0.0038379430770874023
combined,72,10,1,0.9916455149650574,0.008354485034942627
combined,72,11,1,0.9980397820472717,0.0019602179527282715
combined,72,12,1,0.9894689321517944,0.010531067848205566
combined,72,13,1,0.996350884437561,0.003649115562438965
combined,72,14,1,0.9940802454948425,0.005919754505157471
combined,72,15,1,0.9963788390159607,0.0036211609840393066
combined,72,16,1,0.9973581433296204,0.0026418566703796387
combined,72,17,1,0.9959302544593811,0.0040697455406188965
combined,72,18,1,0.9755557775497437,0.024444222450256348
combined,81,0,1,0.9994369149208069,0.0005630850791931152
combined,81,1,1,0.9995388984680176,0.0004611015319824219
combined,81,2,1,0.999220609664917,0.0007793903350830078
combined,81,3,1,0.9708474278450012,0.02915257215499878
combined,81,4,0,0.997227132320404,0.0027728676795959473
combined,81,5,0,0.9818425178527832,0.018157482147216797
combined,81,6,0,0.9982975125312805,0.0017024874687194824
combined,81,7,0,0.9981194138526917,0.0018805861473083496
combined,81,8,0,0.9644094705581665,0.035590529441833496
combined,81,9,0,0.9933868050575256,0.006613194942474365
combined,81,10,0,0.9936951994895935,0.006304800510406494
combined,81,11,0,0.999355137348175,0.0006448626518249512
combined,81,12,0,0.9982086420059204,0.0017913579940795898
combined,81,13,0,0.9503984451293945,0.04960155487060547
combined,81,14,0,0.9899036884307861,0.010096311569213867
combined,81,15,0,0.9924512505531311,0.0075487494468688965
combined,81,16,0,0.9977460503578186,0.0022539496421813965
combined,81,17,0,0.9988211989402771,0.0011788010597229004
combined,81,18,0,0.951565146446228,0.04843485355377197
combined,81,19,0,0.9948110580444336,0.005188941955566406
combined,81,20,0,0.925216019153595,0.07478398084640503
combined,84,0,1,0.9929325580596924,0.007067441940307617
combined,84,1,1,0.99516761302948,0.0048323869705200195
combined,84,2,0,0.7366021275520325,0.26339787244796753
combined,84,3,1,0.9906213283538818,0.009378671646118164
combined,84,4,1,0.9832208156585693,0.016779184341430664
combined,84,5,1,0.9828813076019287,0.01711869239807129
combined,84,6,1,0.9739086031913757,0.026091396808624268
combined,84,7,1,0.9993113279342651,0.0006886720657348633
combined,84,8,1,0.9728137254714966,0.027186274528503418
combined,84,9,1,0.9960683584213257,0.003931641578674316
combined,84,10,1,0.9940879344940186,0.005912065505981445
combined,84,11,1,0.9927037954330444,0.007296204566955566
combined,84,12,1,0.9727266430854797,0.027273356914520264
combined,85,0,1,0.9987519979476929,0.001248002052307129
combined,85,1,1,0.9983069896697998,0.0016930103302001953
combined,85,2,1,0.9958332180976868,0.004166781902313232
combined,85,3,1,0.9812633991241455,0.018736600875854492
combined,85,4,1,0.9636682868003845,0.03633171319961548
combined,85,5,1,0.9629085659980774,0.03709143400192261
combined,85,6,1,0.992302656173706,0.007697343826293945
combined,85,7,1,0.9733169674873352,0.026683032512664795
combined,85,8,1,0.9701212048530579,0.02987879514694214
combined,85,9,1,0.989436149597168,0.010563850402832031
combined,85,10,1,0.9291207790374756,0.07087922096252441
combined,85,11,1,0.887424886226654,0.11257511377334595
combined,85,12,1,0.9931570887565613,0.006842911243438721
combined,85,13,1,0.9610798954963684,0.03892010450363159
combined,85,14,1,0.9723734259605408,0.02762657403945923
combined,85,15,1,0.9945476651191711,0.005452334880828857
combined,85,16,1,0.9576268196105957,0.0423731803894043
combined,86,0,1,0.9985741376876831,0.0014258623123168945
combined,86,1,1,0.9997883439064026,0.0002116560935974121
combined,86,2,1,0.9987986087799072,0.0012013912200927734
combined,86,3,0,0.19702185690402985,0.8029781430959702
combined,86,4,1,0.9953916072845459,0.0046083927154541016
combined,86,5,1,0.9988151788711548,0.0011848211288452148
combined,86,6,1,0.9902185797691345,0.009781420230865479
combined,86,7,1,0.7216607928276062,0.2783392071723938
combined,86,8,1,0.9170643091201782,0.08293569087982178
combined,86,9,1,0.9914258718490601,0.008574128150939941
combined,86,10,1,0.9932594895362854,0.0067405104637146
combined,86,11,1,0.9968403577804565,0.003159642219543457
combined,86,12,0,0.12884382903575897,0.871156170964241
combined,86,13,1,0.9860644340515137,0.013935565948486328
combined,86,14,1,0.9989566802978516,0.0010433197021484375
combined,86,15,1,0.9938309192657471,0.00616908073425293
combined,86,16,1,0.9991015195846558,0.0008984804153442383
combined,86,17,1,0.987321674823761,0.012678325176239014
combined,86,18,1,0.39817047119140625,0.6018295288085938
combined,86,19,1,0.9889134764671326,0.011086523532867432
combined,86,20,1,0.9979997277259827,0.002000272274017334
combined,86,21,1,0.9949445128440857,0.005055487155914307
combined,106,0,1,0.9979528188705444,0.0020471811294555664
combined,106,1,1,0.9998569488525391,0.0001430511474609375
combined,106,2,1,0.9996815919876099,0.0003184080123901367
combined,106,3,1,0.9348950982093811,0.0651049017906189
combined,106,4,1,0.9976763129234314,0.0023236870765686035
combined,106,5,1,0.9867292642593384,0.013270735740661621
combined,106,6,1,0.986725926399231,0.013274073600769043
combined,106,7,1,0.9982554316520691,0.0017445683479309082
combined,106,8,1,0.9961930513381958,0.0038069486618041992
combined,106,9,1,0.9881923794746399,0.011807620525360107
combined,106,10,1,0.9505254030227661,0.04947459697723389
combined,106,11,1,0.9801697134971619,0.019830286502838135
combined,106,12,1,0.9989719390869141,0.0010280609130859375
combined,106,13,1,0.9971839785575867,0.00281602144241333
combined,106,14,1,0.9833346009254456,0.016665399074554443
combined,106,15,1,0.9974006414413452,0.002599358558654785
combined,106,16,1,0.9603142142295837,0.03968578577041626
combined,106,17,1,0.9616687893867493,0.03833121061325073
combined,119,0,1,0.9975283741950989,0.002471625804901123
combined,119,1,1,0.9968626499176025,0.003137350082397461
combined,119,2,1,0.9993789196014404,0.0006210803985595703
combined,119,3,1,0.9989744424819946,0.001025557518005371
combined,119,4,1,0.9493982791900635,0.05060172080993652
combined,119,5,1,0.9873806238174438,0.012619376182556152
combined,119,6,1,0.9833404421806335,0.016659557819366455
combined,119,7,1,0.9511163234710693,0.048883676528930664
combined,119,8,1,0.9395066499710083,0.0604933500289917
combined,119,9,1,0.9927625060081482,0.007237493991851807
combined,119,10,1,0.9994308352470398,0.0005691647529602051
combined,119,11,1,0.9842231869697571,0.01577681303024292
combined,119,12,1,0.9852249026298523,0.014775097370147705
combined,119,13,1,0.9888027310371399,0.011197268962860107
combined,121,0,1,0.9933807849884033,0.00661921501159668
combined,121,1,1,0.9997249245643616,0.00027507543563842773
combined,121,2,1,0.9981607794761658,0.0018392205238342285
combined,121,3,0,0.9742926359176636,0.025707364082336426
combined,128,0,1,0.9948605895042419,0.005139410495758057
combined,128,1,1,0.9907259941101074,0.009274005889892578
combined,128,2,1,0.9240586161613464,0.07594138383865356
combined,128,3,1,0.9253748059272766,0.07462519407272339
combined,128,4,1,0.8007722496986389,0.19922775030136108
combined,128,5,1,0.9257607460021973,0.07423925399780273
combined,128,6,1,0.9528343677520752,0.047165632247924805
combined,128,7,1,0.9342451691627502,0.06575483083724976
combined,128,8,1,0.9346632957458496,0.06533670425415039
combined,128,9,1,0.9503806233406067,0.04961937665939331
combined,128,10,1,0.8789076805114746,0.12109231948852539
combined,128,11,1,0.9773090481758118,0.022690951824188232
combined,133,0,1,0.9990606904029846,0.0009393095970153809
combined,133,1,1,0.9902659058570862,0.009734094142913818
combined,133,2,1,0.9958113431930542,0.004188656806945801
combined,133,3,1,0.9893447756767273,0.010655224323272705
combined,133,4,1,0.9971086382865906,0.002891361713409424
combined,133,5,1,0.9933210015296936,0.0066789984703063965
combined,133,6,1,0.9935545921325684,0.006445407867431641
combined,133,7,1,0.9895471334457397,0.010452866554260254
combined,133,8,1,0.9870970249176025,0.012902975082397461
combined,133,9,1,0.9901345372200012,0.00986546277999878
combined,133,10,1,0.9974049925804138,0.0025950074195861816
combined,133,11,1,0.9887288808822632,0.011271119117736816
combined,133,12,1,0.9900177121162415,0.009982287883758545
combined,133,13,1,0.9971127510070801,0.002887248992919922
combined,133,14,1,0.9892666339874268,0.010733366012573242
combined,139,0,1,0.9990783929824829,0.0009216070175170898
combined,139,1,1,0.9997414946556091,0.00025850534439086914
combined,139,2,1,0.9990929365158081,0.0009070634841918945
combined,139,3,1,0.9692773818969727,0.030722618103027344
combined,139,4,1,0.9932560920715332,0.006743907928466797
combined,139,5,1,0.9905626773834229,0.009437322616577148
combined,139,6,1,0.9996688365936279,0.0003311634063720703
combined,139,7,1,0.9943236112594604,0.005676388740539551
combined,139,8,1,0.9992409944534302,0.0007590055465698242
combined,139,9,1,0.9943528175354004,0.005647182464599609
combined,139,10,1,0.9541783928871155,0.04582160711288452
combined,139,11,1,0.9955783486366272,0.004421651363372803
combined,139,12,1,0.9590376019477844,0.040962398052215576
combined,139,13,1,0.9982525706291199,0.001747429370880127
combined,139,14,1,0.9986439347267151,0.0013560652732849121
combined,139,15,1,0.9996486902236938,0.00035130977630615234
combined,139,16,1,0.999340832233429,0.0006591677665710449
combined,139,17,1,0.9993714690208435,0.0006285309791564941
combined,139,18,1,0.9995617270469666,0.00043827295303344727
combined,139,19,1,0.9918646216392517,0.008135378360748291
combined,143,0,1,0.9977967739105225,0.002203226089477539
combined,143,1,1,0.9997866749763489,0.00021332502365112305
combined,143,2,1,0.9990612864494324,0.000938713550567627
combined,143,3,1,0.967617392539978,0.03238260746002197
combined,143,4,1,0.9575023055076599,0.04249769449234009
combined,143,5,1,0.9683382511138916,0.0316617488861084
combined,143,6,1,0.9978206157684326,0.002179384231567383
combined,143,7,1,0.9767286777496338,0.02327132225036621
combined,143,8,1,0.9934051632881165,0.006594836711883545
combined,143,9,1,0.8813075423240662,0.11869245767593384
combined,143,10,1,0.965197741985321,0.034802258014678955
combined,143,11,1,0.944530725479126,0.05546927452087402
combined,143,12,1,0.991665780544281,0.008334219455718994
combined,143,13,1,0.7278171181678772,0.2721828818321228
combined,143,14,1,0.9918121099472046,0.00818789005279541
combined,143,15,1,0.9968048334121704,0.00319516658782959
combined,143,16,1,0.9958375692367554,0.004162430763244629
combined,143,17,1,0.9814770817756653,0.018522918224334717
combined,143,18,1,0.9796369671821594,0.020363032817840576
combined,143,19,1,0.9977224469184875,0.002277553081512451
combined,143,20,1,0.8990635275840759,0.10093647241592407
combined,143,21,1,0.9948880076408386,0.005111992359161377
combined,145,0,1,0.9988847374916077,0.001115262508392334
combined,145,1,1,0.9998414516448975,0.00015854835510253906
combined,145,2,1,0.997515082359314,0.002484917640686035
combined,145,3,1,0.9948652386665344,0.005134761333465576
combined,145,4,1,0.9957571625709534,0.004242837429046631
combined,145,5,1,0.998187243938446,0.001812756061553955
combined,145,6,1,0.997665286064148,0.0023347139358520508
combined,145,7,1,0.9845442175865173,0.015455782413482666
combined,145,8,1,0.9981489181518555,0.0018510818481445312
combined,145,9,1,0.9903064966201782,0.009693503379821777
combined,145,10,1,0.990119457244873,0.009880542755126953
combined,145,11,1,0.9628883004188538,0.03711169958114624
combined,145,12,1,0.9948017597198486,0.005198240280151367
combined,145,13,1,0.9869887828826904,0.01301121711730957
combined,145,14,1,0.9922673106193542,0.007732689380645752
combined,145,15,1,0.994714081287384,0.005285918712615967
combined,145,16,1,0.9983453750610352,0.0016546249389648438
combined,145,17,1,0.9903348088264465,0.009665191173553467
combined,145,18,1,0.9992637038230896,0.0007362961769104004
combined,145,19,1,0.9995846152305603,0.00041538476943969727
combined,155,0,1,0.9971217513084412,0.002878248691558838
combined,155,1,1,0.9998040795326233,0.00019592046737670898
combined,155,2,1,0.9990059733390808,0.0009940266609191895
combined,155,3,1,0.9837232828140259,0.01627671718597412
combined,155,4,1,0.9988418221473694,0.0011581778526306152
combined,155,5,1,0.9785173535346985,0.021482646465301514
combined,155,6,1,0.991309404373169,0.008690595626831055
combined,155,7,1,0.9806703329086304,0.01932966709136963
combined,155,8,1,0.9975595474243164,0.0024404525756835938
combined,155,9,1,0.9977887868881226,0.0022112131118774414
combined,155,10,1,0.9660224914550781,0.033977508544921875
combined,155,11,1,0.9938737154006958,0.006126284599304199
combined,155,12,1,0.9651762247085571,0.03482377529144287
combined,155,13,1,0.9945216178894043,0.005478382110595703
combined,155,14,1,0.9852926135063171,0.014707386493682861
combined,155,15,1,0.9465558528900146,0.05344414710998535
combined,155,16,1,0.9899541139602661,0.010045886039733887
combined,157,0,1,0.9991446733474731,0.0008553266525268555
combined,157,1,1,0.9992652535438538,0.0007347464561462402
combined,157,2,1,0.9509602785110474,0.04903972148895264
combined,157,3,1,0.9549443125724792,0.04505568742752075
combined,157,4,1,0.9895971417427063,0.010402858257293701
combined,157,5,1,0.9967440366744995,0.0032559633255004883
combined,157,6,1,0.9672118425369263,0.03278815746307373
combined,157,7,1,0.9892566800117493,0.010743319988250732
combined,157,8,1,0.9689896106719971,0.03101038932800293
combined,157,9,1,0.9699106812477112,0.03008931875228882
combined,157,10,1,0.9455203413963318,0.05447965860366821
combined,157,11,1,0.9949965476989746,0.005003452301025391
combined,157,12,1,0.9642256498336792,0.0357743501663208
combined,157,13,1,0.9709419012069702,0.029058098793029785
combined,157,14,1,0.8794426918029785,0.12055730819702148
combined,157,15,1,0.9915896058082581,0.008410394191741943
combined,157,16,1,0.9970802664756775,0.0029197335243225098
combined,157,17,1,0.9956337809562683,0.0043662190437316895
combined,157,18,1,0.9988692402839661,0.0011307597160339355
combined,157,19,1,0.9962301850318909,0.003769814968109131
combined,157,20,1,0.9995904564857483,0.000409543514251709
combined,162,0,1,0.9983254075050354,0.0016745924949645996
combined,162,1,1,0.9996925592422485,0.00030744075775146484
combined,162,2,1,0.9983590245246887,0.0016409754753112793
combined,162,3,1,0.9856309294700623,0.014369070529937744
combined,162,4,1,0.9877402186393738,0.01225978136062622
combined,162,5,1,0.9943594336509705,0.005640566349029541
combined,162,6,1,0.9895169138908386,0.010483086109161377
combined,162,7,1,0.9264810681343079,0.07351893186569214
combined,162,8,1,0.988280177116394,0.011719822883605957
combined,162,9,1,0.9904069304466248,0.009593069553375244
combined,162,10,1,0.987864077091217,0.012135922908782959
combined,162,11,1,0.9875868558883667,0.0124131441116333
combined,162,12,1,0.9896628260612488,0.01033717393875122
combined,162,13,0,0.3801440894603729,0.6198559105396271
combined,168,0,1,0.9976140260696411,0.0023859739303588867
combined,168,1,1,0.9998025298118591,0.00019747018814086914
combined,168,2,1,0.9973281621932983,0.00267183780670166
combined,168,3,1,0.9823340177536011,0.017665982246398926
combined,168,4,1,0.9916374087333679,0.00836259126663208
combined,168,5,1,0.9971561431884766,0.0028438568115234375
combined,168,6,1,0.9803512692451477,0.019648730754852295
combined,168,7,1,0.9992355108261108,0.0007644891738891602
combined,168,8,1,0.9997060894966125,0.00029391050338745117
combined,168,9,1,0.9992522597312927,0.0007477402687072754
combined,168,10,1,0.3961156904697418,0.6038843095302582
combined,168,11,1,0.7435840964317322,0.2564159035682678
combined,168,12,1,0.7844003438949585,0.2155996561050415
combined,168,13,1,0.9856427311897278,0.014357268810272217
combined,168,14,1,0.9951711297035217,0.0048288702964782715
combined,168,15,1,0.4583430290222168,0.5416569709777832
combined,168,16,1,0.6464316844940186,0.35356831550598145
combined,168,17,0,0.7229940891265869,0.2770059108734131
combined,177,0,1,0.9985027313232422,0.0014972686767578125
combined,177,1,1,0.9969808459281921,0.0030191540718078613
combined,177,2,1,0.9996185302734375,0.0003814697265625
combined,177,3,1,0.9991887211799622,0.0008112788200378418
combined,177,4,1,0.9896508455276489,0.010349154472351074
combined,177,5,0,0.21640203893184662,0.7835979610681534
combined,181,0,1,0.9934820532798767,0.006517946720123291
combined,181,1,1,0.9706797003746033,0.02932029962539673
combined,181,2,1,0.9892945289611816,0.01070547103881836
combined,181,3,1,0.9960399866104126,0.003960013389587402
combined,181,4,1,0.9845806956291199,0.015419304370880127
combined,181,5,1,0.9899764657020569,0.010023534297943115
combined,181,6,1,0.9957984089851379,0.0042015910148620605
combined,181,7,1,0.9953758716583252,0.004624128341674805
combined,181,8,0,0.7975868582725525,0.2024131417274475
combined,184,0,1,0.9989157915115356,0.0010842084884643555
combined,184,1,1,0.9996445178985596,0.0003554821014404297
combined,184,2,1,0.9967908263206482,0.0032091736793518066
combined,184,3,1,0.9842047095298767,0.01579529047012329
combined,184,4,1,0.9753736257553101,0.02462637424468994
combined,184,5,1,0.9708037972450256,0.029196202754974365
combined,184,6,1,0.9968225955963135,0.0031774044036865234
combined,184,7,1,0.999707043170929,0.0002929568290710449
combined,184,8,1,0.9938085675239563,0.006191432476043701
combined,184,9,1,0.9913018941879272,0.008698105812072754
combined,184,10,1,0.9611303210258484,0.03886967897415161
combined,184,11,1,0.9751107692718506,0.024889230728149414
combined,184,12,1,0.9639307260513306,0.036069273948669434
combined,184,13,1,0.9843318462371826,0.015668153762817383
combined,184,14,1,0.9558572769165039,0.044142723083496094
combined,184,15,1,0.9555887579917908,0.04441124200820923
combined,184,16,1,0.9793624877929688,0.02063751220703125
combined,185,0,1,0.9989546537399292,0.0010453462600708008
combined,185,1,1,0.9998750686645508,0.00012493133544921875
combined,185,2,1,0.9996192455291748,0.0003807544708251953
combined,185,3,1,0.9973336458206177,0.0026663541793823242
combined,185,4,1,0.9993784427642822,0.0006215572357177734
combined,185,5,1,0.9988422989845276,0.0011577010154724121
combined,185,6,1,0.9993627667427063,0.0006372332572937012
combined,185,7,1,0.999573290348053,0.0004267096519470215
combined,185,8,1,0.990984320640564,0.009015679359436035
combined,185,9,1,0.9974627494812012,0.002537250518798828
combined,185,10,1,0.9980826377868652,0.0019173622131347656
combined,185,11,1,0.9989272952079773,0.001072704792022705
combined,185,12,1,0.9998152852058411,0.00018471479415893555
combined,185,13,1,0.9951070547103882,0.004892945289611816
combined,185,14,1,0.9964137673377991,0.0035862326622009277
combined,186,0,1,0.9974111914634705,0.002588808536529541
combined,186,1,1,0.9959243535995483,0.00407564640045166
combined,186,2,1,0.9990662932395935,0.0009337067604064941
combined,186,3,1,0.9991663694381714,0.0008336305618286133
combined,186,4,1,0.9851460456848145,0.014853954315185547
combined,186,5,1,0.9852812886238098,0.014718711376190186
combined,186,6,1,0.9971975088119507,0.0028024911880493164
combined,186,7,1,0.991961658000946,0.008038341999053955
combined,186,8,1,0.9983782768249512,0.0016217231750488281
combined,186,9,1,0.9960596561431885,0.0039403438568115234
combined,186,10,1,0.9721745252609253,0.027825474739074707
combined,186,11,1,0.9757081866264343,0.024291813373565674
combined,186,12,1,0.993028461933136,0.006971538066864014
combined,186,13,1,0.9984766840934753,0.0015233159065246582
combined,186,14,1,0.9992006421089172,0.0007993578910827637
combined,186,15,1,0.9957039952278137,0.004296004772186279
combined,186,16,1,0.9599497318267822,0.04005026817321777
combined,186,17,1,0.986842691898346,0.013157308101654053
combined,186,18,1,0.9877070784568787,0.012292921543121338
combined,186,19,1,0.9992921352386475,0.0007078647613525391
combined,186,20,1,0.9995772242546082,0.0004227757453918457
combined,186,21,1,0.9995985627174377,0.00040143728256225586
combined,186,22,1,0.9985048770904541,0.0014951229095458984
combined,186,23,1,0.9961289167404175,0.0038710832595825195
combined,189,0,1,0.995448887348175,0.004551112651824951
combined,189,1,1,0.9989450573921204,0.0010549426078796387
combined,189,2,1,0.9953302145004272,0.004669785499572754
combined,189,3,1,0.9680260419845581,0.031973958015441895
combined,189,4,1,0.9855940937995911,0.014405906200408936
combined,189,5,1,0.9824443459510803,0.017555654048919678
combined,189,6,1,0.9731079339981079,0.02689206600189209
combined,189,7,1,0.9967670440673828,0.0032329559326171875
combined,189,8,1,0.9933071732521057,0.006692826747894287
combined,189,9,1,0.9876503348350525,0.01234966516494751
combined,189,10,1,0.9923778772354126,0.007622122764587402
combined,189,11,1,0.9907829165458679,0.00921708345413208
combined,189,12,1,0.9648516178131104,0.03514838218688965
combined,189,13,1,0.9686450958251953,0.03135490417480469
combined,189,14,1,0.9776774048805237,0.02232259511947632
combined,189,15,1,0.9957577586174011,0.004242241382598877
combined,189,16,1,0.9977816939353943,0.002218306064605713
combined,189,17,1,0.9934176206588745,0.006582379341125488
combined,189,18,1,0.9955376386642456,0.0044623613357543945
combined,189,19,1,0.9918600916862488,0.00813990831375122
combined,189,20,1,0.9531197547912598,0.046880245208740234
combined,201,0,1,0.9979760050773621,0.0020239949226379395
combined,201,1,1,0.9993921518325806,0.0006078481674194336
combined,201,2,1,0.9985602498054504,0.0014397501945495605
combined,201,3,1,0.9693138599395752,0.030686140060424805
combined,201,4,1,0.9863134622573853,0.013686537742614746
combined,201,5,1,0.9577444791793823,0.042255520820617676
combined,201,6,1,0.9735842347145081,0.026415765285491943
combined,201,7,1,0.9951321482658386,0.004867851734161377
combined,201,8,1,0.9914976954460144,0.008502304553985596
combined,201,9,1,0.947260856628418,0.05273914337158203
combined,201,10,1,0.9962165951728821,0.00378340482711792
combined,201,11,1,0.9719706177711487,0.02802938222885132
combined,201,12,1,0.9599674344062805,0.04003256559371948
combined,201,13,1,0.9707608819007874,0.029239118099212646
combined,201,14,1,0.9904705286026001,0.009529471397399902
combined,201,15,1,0.9985760450363159,0.001423954963684082
combined,201,16,1,0.9757041931152344,0.024295806884765625
combined,205,0,1,0.9977900981903076,0.002209901809692383
combined,205,1,1,0.9996486902236938,0.00035130977630615234
combined,205,2,1,0.9983324408531189,0.0016675591468811035
combined,205,3,1,0.862830638885498,0.13716936111450195
combined,205,4,1,0.9832797050476074,0.016720294952392578
combined,205,5,1,0.9934646487236023,0.006535351276397705
combined,205,6,1,0.9959964752197266,0.0040035247802734375
combined,205,7,1,0.9722266793251038,0.02777332067489624
combined,205,8,1,0.9869970083236694,0.013002991676330566
combined,205,9,0,0.9957900643348694,0.004209935665130615
combined,211,0,1,0.998715877532959,0.0012841224670410156
combined,211,1,1,0.9995552897453308,0.00044471025466918945
combined,211,2,1,0.9976223111152649,0.0023776888847351074
combined,211,3,1,0.9714100956916809,0.028589904308319092
combined,211,4,0,0.8620094656944275,0.1379905343055725
combined,215,0,1,0.9976456761360168,0.0023543238639831543
combined,215,1,1,0.999845027923584,0.00015497207641601562
combined,215,2,1,0.998589813709259,0.0014101862907409668
combined,215,3,1,0.9953725934028625,0.004627406597137451
combined,215,4,1,0.9992626309394836,0.0007373690605163574
combined,215,5,1,0.9966098666191101,0.0033901333808898926
combined,215,6,1,0.8535733222961426,0.14642667770385742
combined,215,7,1,0.9976069927215576,0.002393007278442383
combined,215,8,1,0.9971994161605835,0.002800583839416504
combined,215,9,1,0.671782910823822,0.328217089176178
combined,215,10,1,0.6690508127212524,0.33094918727874756
combined,215,11,1,0.9977099895477295,0.002290010452270508
combined,215,12,1,0.9981953501701355,0.001804649829864502
combined,215,13,1,0.9986392855644226,0.0013607144355773926
combined,215,14,1,0.995792031288147,0.004207968711853027
combined,215,15,1,0.9974785447120667,0.0025214552879333496
combined,215,16,1,0.9996553659439087,0.0003446340560913086
combined,215,17,1,0.9979872703552246,0.0020127296447753906
combined,215,18,1,0.9964621663093567,0.0035378336906433105
combined,215,19,1,0.9985890984535217,0.0014109015464782715
combined,215,20,1,0.9974849224090576,0.002515077590942383
combined,215,21,1,0.9992097616195679,0.0007902383804321289
combined,215,22,1,0.9976287484169006,0.0023712515830993652
combined,228,0,1,0.9992243051528931,0.0007756948471069336
combined,228,1,1,0.9823091626167297,0.017690837383270264
combined,228,2,1,0.9916824102401733,0.00831758975982666
combined,228,3,0,0.6173499822616577,0.3826500177383423
combined,230,0,1,0.996164083480835,0.003835916519165039
combined,230,1,1,0.9995699524879456,0.00043004751205444336
combined,230,2,1,0.994090735912323,0.005909264087677002
combined,230,3,1,0.9954285621643066,0.004571437835693359
combined,230,4,1,0.9806309938430786,0.019369006156921387
combined,230,5,1,0.9892882108688354,0.01071178913116455
combined,230,6,1,0.9962368011474609,0.0037631988525390625
combined,230,7,1,0.9965644478797913,0.0034355521202087402
combined,230,8,0,0.9416660666465759,0.05833393335342407
combined,231,0,1,0.9938430786132812,0.00615692138671875
combined,231,1,1,0.9936299920082092,0.0063700079917907715
combined,231,2,1,0.9995125532150269,0.00048744678497314453
combined,231,3,1,0.99837327003479,0.001626729965209961
combined,231,4,1,0.9223151206970215,0.07768487930297852
combined,231,5,1,0.8736332654953003,0.1263667345046997
combined,231,6,1,0.9954221844673157,0.004577815532684326
combined,231,7,1,0.9462695717811584,0.05373042821884155
combined,231,8,1,0.9965773224830627,0.003422677516937256
combined,231,9,1,0.9201616644859314,0.0798383355140686
combined,231,10,1,0.9977681636810303,0.0022318363189697266
combined,231,11,1,0.9643988013267517,0.03560119867324829
combined,231,12,1,0.9965822100639343,0.003417789936065674
combined,231,13,1,0.9812952280044556,0.018704771995544434
combined,231,14,1,0.9985241293907166,0.0014758706092834473
combined,231,15,1,0.9957874417304993,0.004212558269500732
combined,231,16,1,0.9843944907188416,0.015605509281158447
combined,231,17,1,0.9969077706336975,0.0030922293663024902
combined,231,18,1,0.9966868758201599,0.003313124179840088
combined,231,19,1,0.9902077317237854,0.0097922682762146
combined,231,20,1,0.6854732036590576,0.3145267963409424
combined,234,0,1,0.992752194404602,0.007247805595397949
combined,234,1,1,0.9995860457420349,0.0004139542579650879
combined,234,2,1,0.9994643330574036,0.0005356669425964355
combined,234,3,0,0.590900182723999,0.409099817276001
combined,245,0,1,0.9948463439941406,0.005153656005859375
combined,245,1,1,0.9949530959129333,0.00504690408706665
combined,245,2,1,0.9995867609977722,0.0004132390022277832
combined,245,3,1,0.9967935681343079,0.0032064318656921387
combined,245,4,1,0.8323033452033997,0.16769665479660034
combined,245,5,1,0.9662207961082458,0.03377920389175415
combined,245,6,1,0.9804438352584839,0.019556164741516113
combined,245,7,1,0.9677390456199646,0.0322609543800354
combined,245,8,1,0.9605273604393005,0.03947263956069946
combined,245,9,1,0.9856348633766174,0.014365136623382568
combined,245,10,1,0.7130621075630188,0.2869378924369812
combined,245,11,1,0.9716057777404785,0.028394222259521484
combined,245,12,1,0.9492855072021484,0.05071449279785156
combined,245,13,1,0.9552629590034485,0.044737040996551514
combined,245,14,1,0.9873619079589844,0.012638092041015625
combined,245,15,1,0.9912773370742798,0.008722662925720215
combined,245,16,1,0.9664112329483032,0.03358876705169678
combined,245,17,0,0.5747100710868835,0.42528992891311646
combined,254,0,1,0.9985793828964233,0.0014206171035766602
combined,254,1,1,0.9996353387832642,0.00036466121673583984
combined,254,2,1,0.9988671541213989,0.0011328458786010742
combined,254,3,1,0.9972791075706482,0.0027208924293518066
combined,254,4,1,0.9983402490615845,0.0016597509384155273
combined,254,5,1,0.9985390901565552,0.0014609098434448242
combined,254,6,1,0.996563732624054,0.003436267375946045
combined,254,7,1,0.9788575768470764,0.021142423152923584
combined,254,8,1,0.9940953254699707,0.005904674530029297
combined,254,9,1,0.9927575588226318,0.007242441177368164
combined,254,10,1,0.9971599578857422,0.0028400421142578125
combined,254,11,1,0.9787939786911011,0.021206021308898926
combined,254,12,1,0.9917028546333313,0.008297145366668701
combined,254,13,1,0.9955377578735352,0.004462242126464844
combined,254,14,1,0.9963375329971313,0.0036624670028686523
combined,254,15,1,0.9804014563560486,0.019598543643951416
combined,255,0,1,0.998335063457489,0.0016649365425109863
combined,255,1,1,0.9998880624771118,0.0001119375228881836
combined,255,2,1,0.9974356293678284,0.002564370632171631
combined,255,3,1,0.9715732336044312,0.028426766395568848
combined,255,4,1,0.9959033131599426,0.004096686840057373
combined,255,5,1,0.983190655708313,0.01680934429168701
combined,255,6,1,0.9985402822494507,0.0014597177505493164
combined,255,7,1,0.9845978021621704,0.01540219783782959
combined,255,8,1,0.9967724680900574,0.003227531909942627
combined,255,9,1,0.8755025863647461,0.1244974136352539
combined,255,10,1,0.9982169270515442,0.0017830729484558105
combined,255,11,1,0.9995716214179993,0.0004283785820007324
combined,255,12,1,0.995373547077179,0.004626452922821045
combined,255,13,1,0.983815610408783,0.01618438959121704
combined,255,14,1,0.9900707602500916,0.009929239749908447
combined,255,15,1,0.7817471623420715,0.21825283765792847
combined,255,16,1,0.9990769624710083,0.0009230375289916992
combined,255,17,1,0.9978255033493042,0.0021744966506958008
combined,255,18,1,0.9972617626190186,0.0027382373809814453
combined,258,0,1,0.9992897510528564,0.0007102489471435547
combined,258,1,1,0.990358293056488,0.009641706943511963
combined,258,2,1,0.9800469279289246,0.01995307207107544
combined,258,3,1,0.9939998388290405,0.006000161170959473
combined,258,4,1,0.28685447573661804,0.713145524263382
combined,258,5,1,0.9900636076927185,0.009936392307281494
combined,258,6,1,0.9726437926292419,0.027356207370758057
combined,258,7,1,0.9923437237739563,0.007656276226043701
combined,258,8,1,0.980699896812439,0.019300103187561035
combined,258,9,1,0.9893501400947571,0.01064985990524292
combined,258,10,1,0.9766254425048828,0.023374557495117188
combined,258,11,1,0.9952338337898254,0.0047661662101745605
combined,258,12,1,0.9937659502029419,0.0062340497970581055
combined,258,13,1,0.9931067824363708,0.00689321756362915
combined,258,14,1,0.986206591129303,0.013793408870697021
combined,258,15,1,0.9908310174942017,0.00916898250579834
combined,258,16,1,0.9958121180534363,0.004187881946563721
combined,258,17,1,0.9478722810745239,0.052127718925476074
combined,258,18,1,0.9893547296524048,0.010645270347595215
combined,261,0,0,0.9944460391998291,0.0055539608001708984
combined,264,0,1,0.9942207336425781,0.005779266357421875
combined,264,1,1,0.978696346282959,0.021303653717041016
combined,264,2,1,0.9979109168052673,0.002089083194732666
combined,264,3,1,0.9938126802444458,0.006187319755554199
combined,264,4,1,0.9050776362419128,0.09492236375808716
combined,264,5,1,0.8953009247779846,0.10469907522201538
combined,264,6,1,0.9885043501853943,0.011495649814605713
combined,264,7,1,0.9148772358894348,0.08512276411056519
combined,264,8,1,0.9676562547683716,0.03234374523162842
combined,264,9,1,0.9837928414344788,0.01620715856552124
combined,264,10,1,0.9893631339073181,0.010636866092681885
combined,264,11,1,0.9657816886901855,0.03421831130981445
combined,264,12,1,0.9888988137245178,0.011101186275482178
combined,264,13,1,0.9824967980384827,0.017503201961517334
combined,264,14,1,0.9048706889152527,0.09512931108474731
combined,264,15,1,0.9850553274154663,0.014944672584533691
combined,264,16,1,0.9261924028396606,0.07380759716033936
combined,264,17,1,0.993586003780365,0.00641399621963501
combined,264,18,1,0.9956621527671814,0.0043378472328186035
combined,265,0,1,0.9988182187080383,0.00118178129196167
combined,265,1,1,0.9998100399971008,0.00018996000289916992
combined,265,2,1,0.9982384443283081,0.0017615556716918945
combined,265,3,1,0.9848718047142029,0.01512819528579712
combined,265,4,1,0.9968120455741882,0.0031879544258117676
combined,265,5,1,0.9975983500480652,0.0024016499519348145
combined,265,6,1,0.9827975034713745,0.01720249652862549
combined,265,7,1,0.9972754120826721,0.002724587917327881
combined,265,8,1,0.9975419044494629,0.0024580955505371094
combined,265,9,1,0.9987807869911194,0.0012192130088806152
combined,265,10,1,0.9988873600959778,0.0011126399040222168
combined,265,11,1,0.9976366758346558,0.0023633241653442383
combined,265,12,1,0.9529739022254944,0.047026097774505615
combined,265,13,1,0.9740201234817505,0.02597987651824951
combined,265,14,1,0.9916718602180481,0.008328139781951904
combined,265,15,1,0.9947296380996704,0.00527036190032959
combined,265,16,1,0.9954564571380615,0.0045435428619384766
combined,265,17,1,0.9985902905464172,0.0014097094535827637
combined,265,18,1,0.9959371089935303,0.0040628910064697266
combined,265,19,1,0.9795000553131104,0.02049994468688965
combined,267,0,1,0.9950581789016724,0.004941821098327637
combined,267,1,1,0.9997418522834778,0.0002581477165222168
combined,267,2,1,0.9977669715881348,0.0022330284118652344
combined,267,3,1,0.9174081087112427,0.08259189128875732
combined,267,4,1,0.9847709536552429,0.01522904634475708
combined,267,5,1,0.9964494705200195,0.0035505294799804688
combined,267,6,1,0.9978082776069641,0.0021917223930358887
combined,267,7,1,0.9959362745285034,0.004063725471496582
combined,267,8,1,0.9938070178031921,0.006192982196807861
combined,267,9,1,0.9867181181907654,0.01328188180923462
combined,267,10,1,0.9930087327957153,0.006991267204284668
combined,267,11,1,0.991041362285614,0.008958637714385986
combined,267,12,1,0.9895737767219543,0.010426223278045654
combined,267,13,1,0.99293452501297,0.007065474987030029
combined,267,14,1,0.27648890018463135,0.7235110998153687
combined,267,15,1,0.9918767213821411,0.008123278617858887
combined,267,16,1,0.997989296913147,0.0020107030868530273
combined,267,17,1,0.9510069489479065,0.048993051052093506
combined,267,18,1,0.9588322043418884,0.04116779565811157
combined,269,0,1,0.9973483085632324,0.002651691436767578
combined,269,1,1,0.9997346997261047,0.00026530027389526367
combined,269,2,1,0.9981643557548523,0.001835644245147705
combined,269,3,1,0.9862469434738159,0.013753056526184082
combined,269,4,1,0.980496883392334,0.019503116607666016
combined,269,5,1,0.9973680377006531,0.002631962299346924
combined,269,6,1,0.9967771172523499,0.0032228827476501465
combined,269,7,1,0.9874019026756287,0.012598097324371338
combined,269,8,1,0.9788765907287598,0.021123409271240234
combined,269,9,1,0.9975353479385376,0.0024646520614624023
combined,269,10,1,0.9416957497596741,0.05830425024032593
combined,269,11,1,0.9930144548416138,0.0069855451583862305
combined,269,12,1,0.9370782971382141,0.06292170286178589
combined,269,13,1,0.9946931004524231,0.005306899547576904
combined,269,14,1,0.9875853061676025,0.012414693832397461
combined,269,15,1,0.9775838851928711,0.022416114807128906
combined,273,0,1,0.9958723187446594,0.004127681255340576
combined,273,1,1,0.9998557567596436,0.0001442432403564453
combined,273,2,1,0.9993973970413208,0.0006026029586791992
combined,273,3,1,0.9837761521339417,0.01622384786605835
combined,273,4,1,0.9929875731468201,0.007012426853179932
combined,273,5,1,0.6309731006622314,0.36902689933776855
combined,273,6,1,0.9958022236824036,0.0041977763175964355
combined,273,7,1,0.612160325050354,0.387839674949646
combined,273,8,1,0.9962596893310547,0.0037403106689453125
combined,273,9,1,0.9995706677436829,0.00042933225631713867
combined,273,10,1,0.9981359243392944,0.0018640756607055664
combined,273,11,1,0.9969846606254578,0.0030153393745422363
combined,273,12,1,0.9976721405982971,0.002327859401702881
combined,273,13,1,0.4942034184932709,0.5057965815067291
combined,273,14,1,0.9975292086601257,0.0024707913398742676
combined,273,15,1,0.9989199638366699,0.0010800361633300781
combined,273,16,1,0.9950372576713562,0.004962742328643799
combined,273,17,1,0.9964830875396729,0.0035169124603271484
combined,277,0,1,0.998502254486084,0.0014977455139160156
combined,277,1,1,0.9998223185539246,0.00017768144607543945
combined,277,2,1,0.9995627999305725,0.00043720006942749023
combined,277,3,1,0.9954501986503601,0.004549801349639893
combined,277,4,1,0.9988767504692078,0.0011232495307922363
combined,277,5,1,0.9963380098342896,0.0036619901657104492
combined,277,6,1,0.9968345761299133,0.00316542387008667
combined,277,7,1,0.990047812461853,0.009952187538146973
combined,277,8,1,0.9965693950653076,0.003430604934692383
combined,277,9,1,0.999146580696106,0.000853419303894043
combined,277,10,1,0.9988759160041809,0.0011240839958190918
combined,277,11,1,0.9965043067932129,0.0034956932067871094
combined,277,12,1,0.9963297247886658,0.0036702752113342285
combined,277,13,1,0.9923264980316162,0.007673501968383789
combined,277,14,1,0.9976516366004944,0.0023483633995056152
combined,277,15,1,0.9984681010246277,0.0015318989753723145
combined,277,16,1,0.9990779161453247,0.000922083854675293
combined,277,17,1,0.9945071339607239,0.005492866039276123
combined,283,0,1,0.995215892791748,0.004784107208251953
combined,283,1,1,0.999714195728302,0.00028580427169799805
combined,283,2,1,0.9964852333068848,0.0035147666931152344
combined,283,3,1,0.9791075587272644,0.020892441272735596
combined,283,4,1,0.9873793125152588,0.012620687484741211
combined,283,5,1,0.9939771890640259,0.006022810935974121
combined,283,6,1,0.9940312504768372,0.005968749523162842
combined,283,7,1,0.9242777228355408,0.07572227716445923
combined,283,8,1,0.888625979423523,0.11137402057647705
combined,283,9,1,0.8903752565383911,0.10962474346160889
combined,283,10,0,0.8727448582649231,0.1272551417350769
combined,286,0,1,0.9989749193191528,0.001025080680847168
combined,286,1,1,0.9998117089271545,0.00018829107284545898
combined,286,2,1,0.9994776844978333,0.000522315502166748
combined,286,3,1,0.9739500284194946,0.02604997158050537
combined,286,4,1,0.987083911895752,0.012916088104248047
combined,286,5,1,0.9993150234222412,0.0006849765777587891
combined,286,6,1,0.9912104606628418,0.008789539337158203
combined,286,7,1,0.9993964433670044,0.0006035566329956055
combined,286,8,1,0.9990772008895874,0.0009227991104125977
combined,286,9,1,0.994166374206543,0.005833625793457031
combined,286,10,1,0.9933702945709229,0.0066297054290771484
combined,286,11,1,0.9662767648696899,0.03372323513031006
combined,286,12,1,0.9841493964195251,0.015850603580474854
combined,286,13,1,0.9494309425354004,0.05056905746459961
combined,286,14,1,0.9557586908340454,0.04424130916595459
combined,286,15,1,0.9983974099159241,0.0016025900840759277
combined,286,16,1,0.9976267218589783,0.0023732781410217285
combined,286,17,1,0.9979975819587708,0.002002418041229248
combined,286,18,1,0.9930033087730408,0.0069966912269592285
combined,286,19,1,0.9350767135620117,0.06492328643798828
combined,294,0,1,0.998507559299469,0.0014924407005310059
combined,294,1,1,0.9997087121009827,0.000291287899017334
combined,294,2,1,0.9988217949867249,0.0011782050132751465
combined,294,3,1,0.9712331891059875,0.02876681089401245
combined,294,4,1,0.9970961809158325,0.0029038190841674805
combined,294,5,1,0.9992212057113647,0.0007787942886352539
combined,294,6,1,0.9669723510742188,0.03302764892578125
combined,294,7,1,0.9099789261817932,0.09002107381820679
combined,294,8,1,0.984494149684906,0.015505850315093994
combined,294,9,1,0.9989998936653137,0.0010001063346862793
combined,294,10,1,0.9886988997459412,0.011301100254058838
combined,294,11,1,0.9975674152374268,0.002432584762573242
combined,294,12,1,0.9987786412239075,0.0012213587760925293
combined,294,13,1,0.9966891407966614,0.003310859203338623
combined,294,14,1,0.998871386051178,0.0011286139488220215
combined,294,15,1,0.9958252906799316,0.004174709320068359
combined,294,16,1,0.9995313882827759,0.0004686117172241211
combined,294,17,1,0.9987731575965881,0.0012268424034118652
combined,294,18,1,0.9913961291313171,0.008603870868682861
combined,294,19,1,0.9995338916778564,0.0004661083221435547
combined,294,20,1,0.9987961053848267,0.0012038946151733398
combined,294,21,1,0.9971285462379456,0.0028714537620544434
combined,294,22,1,0.9960466027259827,0.003953397274017334
combined,294,23,1,0.993678867816925,0.006321132183074951
combined,309,0,1,0.9981871247291565,0.0018128752708435059
combined,309,1,1,0.9998379945755005,0.00016200542449951172
combined,309,2,1,0.997307300567627,0.002692699432373047
combined,309,3,1,0.9873577356338501,0.012642264366149902
combined,309,4,1,0.9974679946899414,0.0025320053100585938
combined,309,5,1,0.9927830696105957,0.007216930389404297
combined,309,6,1,0.9854807257652283,0.014519274234771729
combined,309,7,1,0.9901177287101746,0.00988227128982544
combined,309,8,0,0.38943856954574585,0.6105614304542542
combined,315,0,1,0.9943792223930359,0.005620777606964111
combined,315,1,1,0.9928221106529236,0.007177889347076416
combined,315,2,1,0.99981290102005,0.00018709897994995117
combined,315,3,1,0.9993434548377991,0.0006565451622009277
combined,315,4,1,0.952583372592926,0.047416627407073975
combined,315,5,1,0.997973620891571,0.002026379108428955
combined,315,6,1,0.9138410091400146,0.08615899085998535
combined,315,7,1,0.8793504238128662,0.12064957618713379
combined,315,8,1,0.9034610390663147,0.0965389609336853
combined,315,9,1,0.9927173852920532,0.007282614707946777
combined,315,10,1,0.961611807346344,0.038388192653656006
combined,315,11,1,0.9747799038887024,0.025220096111297607
combined,315,12,1,0.9903918504714966,0.009608149528503418
combined,315,13,1,0.9372290968894958,0.06277090311050415
combined,315,14,1,0.9940097332000732,0.005990266799926758
combined,315,15,1,0.9922440648078918,0.007755935192108154
combined,315,16,1,0.9684475064277649,0.03155249357223511
combined,315,17,1,0.9715194702148438,0.02848052978515625
combined,315,18,1,0.9944236874580383,0.00557631254196167
combined,319,0,1,0.9993172883987427,0.0006827116012573242
combined,319,1,1,0.9975578784942627,0.0024421215057373047
combined,319,2,1,0.9842531085014343,0.015746891498565674
combined,319,3,1,0.9981677532196045,0.0018322467803955078
combined,319,4,1,0.9982143640518188,0.0017856359481811523
combined,319,5,1,0.9978628754615784,0.002137124538421631
combined,319,6,1,0.9958112239837646,0.0041887760162353516
combined,319,7,1,0.9860883355140686,0.013911664485931396
combined,319,8,1,0.9957045912742615,0.004295408725738525
combined,319,9,1,0.9950692653656006,0.004930734634399414
combined,319,10,1,0.9983269572257996,0.0016730427742004395
combined,319,11,1,0.977009654045105,0.02299034595489502
combined,319,12,1,0.9922530055046082,0.007746994495391846
combined,319,13,1,0.9942958950996399,0.005704104900360107
combined,319,14,1,0.9971182346343994,0.002881765365600586
combined,319,15,1,0.9912044405937195,0.008795559406280518
combined,319,16,1,0.9951287508010864,0.004871249198913574
combined,319,17,1,0.9944586753845215,0.005541324615478516
combined,319,18,1,0.9937654733657837,0.006234526634216309
combined,319,19,1,0.9990772008895874,0.0009227991104125977
combined,319,20,1,0.9972761273384094,0.002723872661590576
combined,319,21,1,0.9943392872810364,0.005660712718963623
combined,321,0,1,0.9940778017044067,0.005922198295593262
combined,321,1,1,0.9996329545974731,0.00036704540252685547
combined,321,2,1,0.9905132055282593,0.009486794471740723
combined,321,3,1,0.987208902835846,0.012791097164154053
combined,321,4,1,0.9842665791511536,0.015733420848846436
combined,321,5,1,0.9437433481216431,0.056256651878356934
combined,321,6,1,0.884272038936615,0.11572796106338501
combined,321,7,1,0.9312238693237305,0.06877613067626953
combined,321,8,0,0.985238790512085,0.014761209487915039
combined,322,0,1,0.9943118095397949,0.005688190460205078
combined,322,1,1,0.9995874762535095,0.0004125237464904785
combined,322,2,1,0.998105525970459,0.0018944740295410156
combined,322,3,0,0.9492026567459106,0.050797343254089355
combined,323,0,1,0.9992082715034485,0.0007917284965515137
combined,323,1,1,0.9998354911804199,0.00016450881958007812
combined,323,2,1,0.9994813799858093,0.0005186200141906738
combined,323,3,1,0.9536434412002563,0.04635655879974365
combined,323,4,1,0.9904236197471619,0.009576380252838135
combined,323,5,1,0.9763746857643127,0.023625314235687256
combined,323,6,1,0.9966410398483276,0.0033589601516723633
combined,323,7,1,0.9185358881950378,0.08146411180496216
combined,323,8,1,0.9609586596488953,0.039041340351104736
combined,323,9,1,0.9235832095146179,0.07641679048538208
combined,323,10,1,0.9978221654891968,0.0021778345108032227
combined,323,11,1,0.22482234239578247,0.7751776576042175
combined,323,12,1,0.9762429594993591,0.02375704050064087
combined,323,13,1,0.9993032217025757,0.0006967782974243164
combined,323,14,1,0.2834487557411194,0.7165512442588806
combined,323,15,1,0.5364525318145752,0.4635474681854248
combined,323,16,1,0.7537883520126343,0.24621164798736572
combined,323,17,1,0.9958269000053406,0.004173099994659424
combined,323,18,1,0.8333560824394226,0.1666439175605774
combined,323,19,1,0.991630494594574,0.008369505405426025
combined,325,0,1,0.9988338351249695,0.0011661648750305176
combined,325,1,1,0.9996838569641113,0.0003161430358886719
combined,325,2,1,0.998958945274353,0.0010410547256469727
combined,325,3,1,0.9931485056877136,0.006851494312286377
combined,325,4,1,0.9984607696533203,0.0015392303466796875
combined,325,5,1,0.9968999624252319,0.0031000375747680664
combined,325,6,1,0.9987115859985352,0.0012884140014648438
combined,325,7,1,0.9968474507331848,0.0031525492668151855
combined,325,8,1,0.9994630217552185,0.0005369782447814941
combined,325,9,1,0.9978578686714172,0.0021421313285827637
combined,325,10,1,0.9962072372436523,0.0037927627563476562
combined,325,11,1,0.9932576417922974,0.006742358207702637
combined,325,12,1,0.9985114932060242,0.00148850679397583
combined,325,13,1,0.9997971653938293,0.0002028346061706543
combined,325,14,1,0.9995856881141663,0.00041431188583374023
combined,325,15,1,0.9979963898658752,0.002003610134124756
combined,325,16,1,0.9972283244132996,0.0027716755867004395
combined,325,17,1,0.9960893392562866,0.003910660743713379
combined,325,18,1,0.9980496168136597,0.001950383186340332
combined,325,19,1,0.9967145919799805,0.0032854080200195312
combined,325,20,1,0.9981599450111389,0.001840054988861084
combined,325,21,1,0.9981023669242859,0.0018976330757141113
combined,338,0,1,0.9983353018760681,0.0016646981239318848
combined,338,1,1,0.9988981485366821,0.001101851463317871
combined,338,2,1,0.9990195035934448,0.0009804964065551758
combined,338,3,1,0.9995138645172119,0.00048613548278808594
combined,338,4,1,0.9455651044845581,0.054434895515441895
combined,338,5,1,0.9154356122016907,0.08456438779830933
combined,338,6,0,0.8647732138633728,0.1352267861366272
combined,346,0,1,0.9966057538986206,0.0033942461013793945
combined,346,1,1,0.9977151155471802,0.0022848844528198242
combined,346,2,1,0.9993958473205566,0.0006041526794433594
combined,346,3,1,0.999212384223938,0.0007876157760620117
combined,346,4,1,0.9934665560722351,0.006533443927764893
combined,346,5,1,0.9971596002578735,0.002840399742126465
combined,346,6,1,0.9977251887321472,0.002274811267852783
combined,346,7,1,0.9858289957046509,0.014171004295349121
combined,346,8,1,0.9959496259689331,0.0040503740310668945
combined,346,9,1,0.9853042960166931,0.014695703983306885
combined,346,10,1,0.9987319111824036,0.0012680888175964355
combined,346,11,1,0.9946528673171997,0.005347132682800293
combined,346,12,1,0.9940295219421387,0.005970478057861328
combined,346,13,1,0.979641318321228,0.020358681678771973
combined,346,14,1,0.9851571321487427,0.014842867851257324
combined,352,0,1,0.9966283440589905,0.0033716559410095215
combined,352,1,1,0.999818742275238,0.0001812577247619629
combined,352,2,1,0.9953859448432922,0.004614055156707764
combined,352,3,1,0.9967681169509888,0.0032318830490112305
combined,352,4,1,0.9951294660568237,0.0048705339431762695
combined,352,5,1,0.8942314982414246,0.10576850175857544
combined,352,6,1,0.985395073890686,0.014604926109313965
combined,352,7,1,0.9983775615692139,0.0016224384307861328
combined,352,8,1,0.9937933683395386,0.006206631660461426
combined,352,9,1,0.9931461811065674,0.006853818893432617
combined,352,10,1,0.9323270320892334,0.0676729679107666
combined,352,11,1,0.9685091972351074,0.03149080276489258
combined,352,12,1,0.9965478777885437,0.003452122211456299
combined,352,13,1,0.9976792931556702,0.002320706844329834
combined,352,14,1,0.984791100025177,0.015208899974822998
combined,352,15,1,0.9949192404747009,0.005080759525299072
combined,359,0,1,0.914321780204773,0.08567821979522705
combined,359,1,1,0.9976189732551575,0.0023810267448425293
combined,359,2,1,0.9994738698005676,0.000526130199432373
combined,359,3,1,0.9911034107208252,0.008896589279174805
combined,359,4,1,0.9981600642204285,0.0018399357795715332
combined,359,5,1,0.9886628985404968,0.011337101459503174
combined,359,6,1,0.9615340828895569,0.038465917110443115
combined,359,7,1,0.9898480772972107,0.010151922702789307
combined,359,8,1,0.9208195209503174,0.07918047904968262
combined,359,9,1,0.9917397499084473,0.008260250091552734
combined,359,10,1,0.9964902997016907,0.003509700298309326
combined,359,11,1,0.9957348704338074,0.004265129566192627
combined,359,12,1,0.983900785446167,0.016099214553833008
combined,359,13,1,0.9810189604759216,0.01898103952407837
combined,359,14,1,0.9959514141082764,0.004048585891723633
combined,359,15,1,0.9988574981689453,0.0011425018310546875
combined,359,16,1,0.9957543611526489,0.004245638847351074
combined,366,0,1,0.9972284436225891,0.0027715563774108887
combined,366,1,1,0.9997168183326721,0.00028318166732788086
combined,366,2,1,0.9968384504318237,0.0031615495681762695
combined,366,3,1,0.9912083148956299,0.008791685104370117
combined,366,4,1,0.997078537940979,0.002921462059020996
combined,366,5,1,0.997586727142334,0.0024132728576660156
combined,366,6,1,0.9888960123062134,0.011103987693786621
combined,366,7,1,0.981427013874054,0.018572986125946045
combined,366,8,1,0.9656432867050171,0.03435671329498291
combined,366,9,1,0.9414649605751038,0.05853503942489624
combined,366,10,1,0.9474110007286072,0.05258899927139282
combined,366,11,1,0.7791004180908203,0.2208995819091797
combined,366,12,1,0.9426959156990051,0.05730408430099487
combined,366,13,1,0.9598087072372437,0.04019129276275635
combined,366,14,1,0.9927243590354919,0.007275640964508057
combined,366,15,1,0.9502561688423157,0.049743831157684326
combined,366,16,1,0.9756739139556885,0.024326086044311523
combined,369,0,1,0.9988875985145569,0.0011124014854431152
combined,369,1,1,0.999530553817749,0.00046944618225097656
combined,369,2,1,0.9995881915092468,0.00041180849075317383
combined,369,3,1,0.9984931945800781,0.001506805419921875
combined,369,4,1,0.9869995713233948,0.013000428676605225
combined,369,5,1,0.9970792531967163,0.0029207468032836914
combined,369,6,1,0.983956515789032,0.016043484210968018
combined,369,7,1,0.9976537823677063,0.002346217632293701
combined,369,8,1,0.9946244359016418,0.005375564098358154
combined,369,9,1,0.9978001713752747,0.002199828624725342
combined,369,10,1,0.9895073771476746,0.01049262285232544
combined,369,11,0,0.185451477766037,0.814548522233963
combined,370,0,1,0.998786985874176,0.0012130141258239746
combined,370,1,1,0.9997283816337585,0.0002716183662414551
combined,370,2,1,0.9993619322776794,0.0006380677223205566
combined,370,3,1,0.994149923324585,0.005850076675415039
combined,370,4,1,0.9985094666481018,0.0014905333518981934
combined,370,5,1,0.9662238955497742,0.03377610445022583
combined,370,6,1,0.9989055395126343,0.0010944604873657227
combined,370,7,1,0.9960390329360962,0.003960967063903809
combined,370,8,1,0.9943049550056458,0.005695044994354248
combined,370,9,1,0.993733823299408,0.006266176700592041
combined,370,10,1,0.996501088142395,0.0034989118576049805
combined,370,11,1,0.9892632365226746,0.01073676347732544
combined,370,12,1,0.994417667388916,0.005582332611083984
combined,370,13,1,0.9967106580734253,0.003289341926574707
combined,370,14,1,0.9924960136413574,0.007503986358642578
combined,370,15,1,0.9976881742477417,0.0023118257522583008
combined,370,16,1,0.995079517364502,0.004920482635498047
combined,370,17,0,0.9974014759063721,0.0025985240936279297
combined,377,0,1,0.9977438449859619,0.002256155014038086
combined,377,1,1,0.9996187686920166,0.00038123130798339844
combined,377,2,0,0.6960258483886719,0.3039741516113281
combined,379,0,1,0.9985529780387878,0.0014470219612121582
combined,379,1,1,0.999698281288147,0.00030171871185302734
combined,379,2,1,0.9993422627449036,0.0006577372550964355
combined,379,3,1,0.9872640371322632,0.012735962867736816
combined,379,4,1,0.9953020811080933,0.004697918891906738
combined,379,5,1,0.9448627829551697,0.05513721704483032
combined,379,6,1,0.9827728271484375,0.0172271728515625
combined,379,7,1,0.9989221096038818,0.001077890396118164
combined,379,8,1,0.9933459758758545,0.006654024124145508
combined,379,9,1,0.9918529391288757,0.008147060871124268
combined,379,10,1,0.9982348680496216,0.001765131950378418
combined,379,11,0,0.7671020030975342,0.23289799690246582
combined,392,0,1,0.9971855282783508,0.00281447172164917
combined,392,1,1,0.9993237257003784,0.000676274299621582
combined,392,2,1,0.9970280528068542,0.002971947193145752
combined,392,3,1,0.9869208335876465,0.013079166412353516
combined,392,4,1,0.9946306943893433,0.005369305610656738
combined,392,5,1,0.9958310723304749,0.0041689276695251465
combined,392,6,1,0.9817920327186584,0.018207967281341553
combined,392,7,1,0.993190586566925,0.006809413433074951
combined,392,8,1,0.9838063716888428,0.016193628311157227
combined,392,9,1,0.9935615062713623,0.006438493728637695
combined,392,10,1,0.9979290962219238,0.002070903778076172
combined,392,11,1,0.9934820532798767,0.006517946720123291
combined,392,12,1,0.9849896430969238,0.015010356903076172
combined,392,13,1,0.9934157133102417,0.006584286689758301
combined,397,0,0,0.9874292016029358,0.012570798397064209
combined,399,0,1,0.9967325925827026,0.0032674074172973633
combined,399,1,1,0.9128526449203491,0.08714735507965088
combined,399,2,1,0.9827202558517456,0.017279744148254395
combined,399,3,1,0.9974512457847595,0.0025487542152404785
combined,399,4,1,0.9968210458755493,0.0031789541244506836
combined,399,5,1,0.9563127160072327,0.043687283992767334
combined,399,6,1,0.9703381061553955,0.029661893844604492
combined,399,7,1,0.9209402203559875,0.07905977964401245
combined,399,8,1,0.9692431092262268,0.030756890773773193
combined,399,9,1,0.9604176878929138,0.03958231210708618
combined,399,10,1,0.9920199513435364,0.007980048656463623
combined,399,11,1,0.8875210285186768,0.11247897148132324
combined,399,12,1,0.7182921171188354,0.28170788288116455
combined,399,13,1,0.7080483436584473,0.29195165634155273
combined,399,14,1,0.9023440480232239,0.09765595197677612
combined,399,15,0,0.7414261102676392,0.25857388973236084
combined,410,0,0,0.7904766201972961,0.20952337980270386
combined,413,0,1,0.9988377690315247,0.0011622309684753418
combined,413,1,1,0.9997888207435608,0.00021117925643920898
combined,413,2,1,0.9991520643234253,0.000847935676574707
combined,413,3,1,0.9885692596435547,0.011430740356445312
combined,413,4,1,0.9970576763153076,0.002942323684692383
combined,413,5,1,0.8290159106254578,0.17098408937454224
combined,413,6,1,0.9904542565345764,0.009545743465423584
combined,413,7,1,0.997211754322052,0.002788245677947998
combined,413,8,1,0.9968871474266052,0.0031128525733947754
combined,413,9,1,0.9990377426147461,0.0009622573852539062
combined,413,10,1,0.9899006485939026,0.010099351406097412
combined,413,11,1,0.9983850717544556,0.0016149282455444336
combined,413,12,1,0.999539852142334,0.0004601478576660156
combined,413,13,1,0.9987952709197998,0.0012047290802001953
combined,413,14,1,0.9965208768844604,0.0034791231155395508
combined,413,15,1,0.9992534518241882,0.0007465481758117676
combined,413,16,1,0.999298095703125,0.000701904296875
combined,413,17,0,0.792925238609314,0.20707476139068604
combined,416,0,1,0.9993306398391724,0.0006693601608276367
combined,416,1,1,0.9873736500740051,0.012626349925994873
combined,416,2,1,0.9980210065841675,0.0019789934158325195
combined,416,3,1,0.9899014234542847,0.010098576545715332
combined,416,4,1,0.989791214466095,0.01020878553390503
combined,416,5,1,0.9973700046539307,0.002629995346069336
combined,416,6,1,0.9922467470169067,0.007753252983093262
combined,416,7,1,0.9952147006988525,0.004785299301147461
combined,416,8,1,0.9939531683921814,0.0060468316078186035
combined,416,9,1,0.9872660636901855,0.012733936309814453
combined,416,10,1,0.9885178804397583,0.0114821195602417
combined,416,11,1,0.9902222156524658,0.00977778434753418
combined,416,12,1,0.989497184753418,0.010502815246582031
combined,416,13,1,0.9957424998283386,0.004257500171661377
combined,416,14,1,0.9947944283485413,0.00520557165145874
combined,416,15,1,0.992900013923645,0.0070999860763549805
combined,416,16,1,0.9912275671958923,0.008772432804107666
combined,416,17,1,0.9915701150894165,0.008429884910583496
combined,420,0,1,0.9986811280250549,0.0013188719749450684
combined,420,1,1,0.999630331993103,0.00036966800689697266
combined,420,2,1,0.9991771578788757,0.0008228421211242676
combined,420,3,1,0.9567659497261047,0.043234050273895264
combined,420,4,1,0.9944092631340027,0.0055907368659973145
combined,420,5,1,0.9965676069259644,0.0034323930740356445
combined,420,6,1,0.9982149600982666,0.0017850399017333984
combined,420,7,1,0.9971248507499695,0.0028751492500305176
combined,420,8,1,0.9963712692260742,0.0036287307739257812
combined,420,9,1,0.9718793034553528,0.028120696544647217
combined,420,10,1,0.8837569952011108,0.11624300479888916
combined,420,11,1,0.9737138152122498,0.026286184787750244
combined,420,12,1,0.9990870952606201,0.0009129047393798828
combined,420,13,1,0.9778069853782654,0.02219301462173462
combined,420,14,1,0.9962539672851562,0.00374603271484375
combined,420,15,1,0.9987155199050903,0.001284480094909668
combined,420,16,1,0.9985130429267883,0.00148695707321167
combined,420,17,1,0.9990442395210266,0.0009557604789733887
combined,420,18,1,0.9980998635292053,0.0019001364707946777
combined,420,19,1,0.9970003962516785,0.002999603748321533
combined,420,20,1,0.9942435622215271,0.0057564377784729
combined,423,0,1,0.9983065128326416,0.0016934871673583984
combined,423,1,1,0.9895747303962708,0.010425269603729248
combined,423,2,1,0.990564227104187,0.009435772895812988
combined,423,3,1,0.9807125329971313,0.019287467002868652
combined,423,4,1,0.9585193991661072,0.04148060083389282
combined,423,5,1,0.957433819770813,0.04256618022918701
combined,423,6,1,0.940761148929596,0.05923885107040405
combined,423,7,1,0.9689109325408936,0.031089067459106445
combined,423,8,1,0.9255717992782593,0.07442820072174072
combined,423,9,1,0.978657066822052,0.021342933177947998
combined,423,10,1,0.9926964044570923,0.007303595542907715
combined,423,11,1,0.8154577612876892,0.1845422387123108
combined,423,12,1,0.9917114973068237,0.00828850269317627
combined,423,13,1,0.9902335405349731,0.009766459465026855
combined,423,14,1,0.9762001633644104,0.0237998366355896
combined,423,15,1,0.9846737384796143,0.015326261520385742
combined,429,0,1,0.9973819851875305,0.0026180148124694824
combined,429,1,1,0.9997941851615906,0.00020581483840942383
combined,429,2,1,0.9967733025550842,0.0032266974449157715
combined,429,3,1,0.9819321632385254,0.01806783676147461
combined,429,4,1,0.9980348944664001,0.0019651055335998535
combined,429,5,1,0.9941828846931458,0.005817115306854248
combined,429,6,1,0.9888407588005066,0.011159241199493408
combined,429,7,1,0.9965576529502869,0.0034423470497131348
combined,429,8,1,0.9913719892501831,0.008628010749816895
combined,429,9,1,0.9868519902229309,0.013148009777069092
combined,429,10,1,0.9868342280387878,0.013165771961212158
combined,429,11,1,0.9946222305297852,0.005377769470214844
combined,429,12,1,0.9883459210395813,0.011654078960418701
combined,429,13,1,0.9848610162734985,0.015138983726501465
combined,429,14,1,0.4086068868637085,0.5913931131362915
combined,434,0,1,0.9984827637672424,0.0015172362327575684
combined,434,1,1,0.9997424483299255,0.0002575516700744629
combined,434,2,1,0.9981870055198669,0.0018129944801330566
combined,434,3,1,0.9909272193908691,0.00907278060913086
combined,434,4,1,0.9987351298332214,0.0012648701667785645
combined,434,5,1,0.9981582760810852,0.001841723918914795
combined,434,6,1,0.9944201111793518,0.005579888820648193
combined,434,7,1,0.9986880421638489,0.001311957836151123
combined,434,8,1,0.8852375149726868,0.11476248502731323
combined,434,9,1,0.97509765625,0.02490234375
combined,434,10,1,0.9915441274642944,0.008455872535705566
combined,434,11,1,0.9954869151115417,0.004513084888458252
combined,434,12,1,0.9539259076118469,0.046074092388153076
combined,434,13,1,0.9874454736709595,0.012554526329040527
combined,434,14,1,0.9965080618858337,0.0034919381141662598
combined,434,15,1,0.947450578212738,0.05254942178726196
combined,434,16,1,0.997938334941864,0.0020616650581359863
combined,434,17,1,0.9992659687995911,0.0007340312004089355
combined,434,18,1,0.7370066046714783,0.26299339532852173
combined,434,19,1,0.9991950392723083,0.0008049607276916504
combined,434,20,1,0.9983583092689514,0.001641690731048584
combined,437,0,1,0.9975589513778687,0.0024410486221313477
combined,437,1,1,0.9932548403739929,0.00674515962600708
combined,437,2,1,0.9993327260017395,0.000667273998260498
combined,437,3,1,0.9992214441299438,0.0007785558700561523
combined,437,4,1,0.947364866733551,0.052635133266448975
combined,437,5,1,0.98084956407547,0.01915043592453003
combined,437,6,0,0.300601989030838,0.699398010969162
combined,440,0,1,0.9965606331825256,0.0034393668174743652
combined,440,1,1,0.9997228980064392,0.000277101993560791
combined,440,2,1,0.9979881048202515,0.002011895179748535
combined,440,3,1,0.9921248555183411,0.007875144481658936
combined,440,4,1,0.9957804679870605,0.004219532012939453
combined,440,5,1,0.9835741519927979,0.01642584800720215
combined,440,6,1,0.9969989061355591,0.003001093864440918
combined,440,7,1,0.9991545677185059,0.0008454322814941406
combined,440,8,1,0.996238112449646,0.003761887550354004
combined,440,9,1,0.9929652214050293,0.007034778594970703
combined,440,10,1,0.9802629351615906,0.019737064838409424
combined,440,11,0,0.9928286671638489,0.007171332836151123
combined,442,0,1,0.9843946099281311,0.015605390071868896
combined,442,1,1,0.9994062185287476,0.0005937814712524414
combined,442,2,1,0.9923171997070312,0.00768280029296875
combined,442,3,1,0.9964911341667175,0.0035088658332824707
combined,442,4,1,0.9976975321769714,0.0023024678230285645
combined,442,5,1,0.931678831577301,0.06832116842269897
combined,442,6,1,0.9752063751220703,0.024793624877929688
combined,442,7,1,0.9658379554748535,0.034162044525146484
combined,442,8,1,0.9541762471199036,0.045823752880096436
combined,442,9,1,0.9925228953361511,0.007477104663848877
combined,442,10,1,0.7347455620765686,0.2652544379234314
combined,442,11,1,0.8403968811035156,0.15960311889648438
combined,442,12,1,0.9099869132041931,0.09001308679580688
combined,442,13,1,0.9640739560127258,0.03592604398727417
combined,442,14,1,0.9872161746025085,0.012783825397491455
combined,442,15,1,0.6852511167526245,0.3147488832473755
combined,442,16,1,0.7757474780082703,0.22425252199172974
combined,442,17,1,0.8696894645690918,0.1303105354309082
combined,442,18,1,0.7667827606201172,0.2332172393798828
combined,453,0,1,0.9984319806098938,0.0015680193901062012
combined,453,1,1,0.9995651841163635,0.0004348158836364746
combined,453,2,1,0.9997523427009583,0.00024765729904174805
combined,453,3,1,0.9776591658592224,0.022340834140777588
combined,453,4,1,0.9268493056297302,0.07315069437026978
combined,453,5,1,0.9938836693763733,0.006116330623626709
combined,453,6,1,0.9995107650756836,0.0004892349243164062
combined,453,7,1,0.9992351531982422,0.0007648468017578125
combined,453,8,1,0.9972129464149475,0.0027870535850524902
combined,453,9,1,0.9918598532676697,0.008140146732330322
combined,453,10,1,0.9614765644073486,0.03852343559265137
combined,453,11,1,0.9990830421447754,0.0009169578552246094
combined,453,12,1,0.9963716268539429,0.003628373146057129
combined,453,13,1,0.9991098046302795,0.000890195369720459
combined,453,14,1,0.998418927192688,0.0015810728073120117
combined,453,15,1,0.9909465312957764,0.009053468704223633
combined,457,0,1,0.945383608341217,0.05461639165878296
combined,457,1,1,0.9954696893692017,0.00453031063079834
combined,457,2,1,0.9997444748878479,0.0002555251121520996
combined,457,3,1,0.9988917708396912,0.0011082291603088379
combined,457,4,1,0.986248791217804,0.013751208782196045
combined,457,5,1,0.9987525939941406,0.001247406005859375
combined,457,6,1,0.9964039325714111,0.003596067428588867
combined,457,7,1,0.9989847540855408,0.0010152459144592285
combined,457,8,1,0.9977303147315979,0.0022696852684020996
combined,457,9,1,0.9946341514587402,0.005365848541259766
combined,457,10,1,0.9987232089042664,0.0012767910957336426
combined,457,11,1,0.9971866011619568,0.002813398838043213
combined,457,12,1,0.9963288903236389,0.003671109676361084
combined,457,13,1,0.9955734014511108,0.00442659854888916
combined,457,14,1,0.996698796749115,0.0033012032508850098
combined,457,15,1,0.9976029992103577,0.002397000789642334
combined,457,16,1,0.9585617780685425,0.04143822193145752
combined,457,17,1,0.8993539810180664,0.1006460189819336
combined,457,18,1,0.9646718502044678,0.03532814979553223
combined,457,19,1,0.9920600652694702,0.007939934730529785
combined,463,0,1,0.9940885305404663,0.005911469459533691
combined,463,1,1,0.9923420548439026,0.007657945156097412
combined,463,2,1,0.9961642026901245,0.0038357973098754883
combined,463,3,1,0.9496814012527466,0.05031859874725342
combined,463,4,1,0.9252759218215942,0.07472407817840576
combined,463,5,0,0.9629195928573608,0.03708040714263916
combined,467,0,1,0.9994058609008789,0.0005941390991210938
combined,467,1,1,0.9996638298034668,0.0003361701965332031
combined,467,2,1,0.9995238780975342,0.0004761219024658203
combined,467,3,1,0.999509334564209,0.0004906654357910156
combined,467,4,1,0.9972488284111023,0.002751171588897705
combined,467,5,1,0.998359739780426,0.0016402602195739746
combined,467,6,1,0.9964973330497742,0.00350266695022583
combined,467,7,1,0.9975091218948364,0.0024908781051635742
combined,467,8,1,0.9974243640899658,0.0025756359100341797
combined,467,9,1,0.9990803003311157,0.0009196996688842773
combined,467,10,1,0.9983715415000916,0.0016284584999084473
combined,467,11,1,0.9938352108001709,0.0061647891998291016
combined,467,12,1,0.9973359704017639,0.002664029598236084
combined,467,13,1,0.9972479939460754,0.0027520060539245605
combined,467,14,1,0.999555766582489,0.00044423341751098633
combined,467,15,1,0.9998362064361572,0.00016379356384277344
combined,467,16,1,0.9984961748123169,0.0015038251876831055
combined,467,17,1,0.9974834322929382,0.0025165677070617676
combined,467,18,1,0.9972054362297058,0.0027945637702941895
combined,472,0,1,0.9986591339111328,0.0013408660888671875
combined,472,1,1,0.9996896982192993,0.0003103017807006836
combined,472,2,1,0.9955863952636719,0.004413604736328125
combined,472,3,1,0.9786156415939331,0.021384358406066895
combined,472,4,1,0.9898040294647217,0.01019597053527832
combined,472,5,1,0.9783515334129333,0.02164846658706665
combined,472,6,1,0.9949871301651001,0.005012869834899902
combined,472,7,1,0.9873888492584229,0.012611150741577148
combined,472,8,1,0.9944500923156738,0.005549907684326172
combined,472,9,0,0.99176424741745,0.008235752582550049
combined,473,0,1,0.9985461235046387,0.0014538764953613281
combined,473,1,1,0.9945650100708008,0.005434989929199219
combined,473,2,1,0.9958319067955017,0.004168093204498291
combined,473,3,1,0.8954982757568359,0.10450172424316406
combined,473,4,1,0.9418864846229553,0.05811351537704468
combined,473,5,1,0.992883563041687,0.007116436958312988
combined,473,6,1,0.9896069169044495,0.010393083095550537
combined,473,7,1,0.9981546998023987,0.0018453001976013184
combined,473,8,1,0.999184787273407,0.0008152127265930176
combined,473,9,1,0.9968317151069641,0.0031682848930358887
combined,473,10,1,0.9992551207542419,0.0007448792457580566
combined,473,11,1,0.9947649240493774,0.005235075950622559
combined,473,12,1,0.9993100166320801,0.0006899833679199219
combined,473,13,1,0.9996731281280518,0.0003268718719482422
combined,473,14,1,0.9973920583724976,0.0026079416275024414
combined,473,15,1,0.9975460171699524,0.0024539828300476074
combined,473,16,1,0.9925645589828491,0.007435441017150879
combined,473,17,1,0.9892226457595825,0.01077735424041748
combined,473,18,1,0.9996045231819153,0.0003954768180847168
combined,473,19,1,0.9989651441574097,0.001034855842590332
combined,473,20,1,0.9907704591751099,0.009229540824890137
combined,475,0,1,0.9983537197113037,0.001646280288696289
combined,475,1,1,0.9996898174285889,0.0003101825714111328
combined,475,2,1,0.9992141723632812,0.00078582763671875
combined,475,3,1,0.9842566847801208,0.01574331521987915
combined,475,4,1,0.9979997277259827,0.002000272274017334
combined,475,5,1,0.9971429705619812,0.002857029438018799
combined,475,6,1,0.996265709400177,0.003734290599822998
combined,475,7,1,0.9931285381317139,0.006871461868286133
combined,475,8,1,0.996946394443512,0.003053605556488037
combined,475,9,1,0.9981252551078796,0.0018747448921203613
combined,475,10,1,0.999052107334137,0.0009478926658630371
combined,475,11,1,0.9985223412513733,0.001477658748626709
combined,475,12,1,0.9955743551254272,0.004425644874572754
combined,475,13,1,0.9931983351707458,0.00680166482925415
combined,475,14,1,0.9897773861885071,0.01022261381149292
combined,475,15,1,0.9965969920158386,0.003403007984161377
combined,475,16,1,0.9990861415863037,0.0009138584136962891
combined,475,17,1,0.9921872615814209,0.007812738418579102
combined,475,18,1,0.9944087862968445,0.005591213703155518
combined,478,0,0,0.9719547629356384,0.028045237064361572
